Adsorbate,Facet,CN,Site,n_metal,GCN,Valency,chi,Bader,ed,wd,E_bind,E_ads,n_H,n_H_NN
CH4,111,9,top,1,7.5,0,2.55,3.9468,-2.08,2.09,-0.232962,-24.290571,4,0
CH4,100,8,top,1,6.67,0,2.55,3.9468,-2,1.96,-0.234644,-24.292253,4,0
CH4,110,7,top,1,5.83,0,2.55,3.9468,-1.94,1.87,-0.213059,-24.270668,4,0
CH4,211,7,top,1,5.5,0,2.55,3.9468,-2.09,1.99,-0.209278,-24.266887,4,0
CH4,221,7,top,1,5.5,0,2.55,3.9468,-2.09,1.99,-0.232441,-24.29005,4,0
CH4,322,7,top,1,5.5,0,2.55,3.9468,-2.02,1.95,-0.216508,-24.274117,4,0
CH4,1AD_111,3,top,1,2.5,0,2.55,3.9468,-1.59,1.6,-0.257581,-24.31519,4,0
CH4,1AD_100,4,top,1,3,0,2.55,3.9468,-1.85,1.69,-0.146817,-24.204426,4,0
CH4,2AD_111,4,top,1,2.92,0,2.55,3.9468,-1.75,1.73,-0.209314,-24.266923,4,0
CH4,2AD_100,5,top,1,3.58,0,2.55,3.9468,-1.99,1.83,-0.161641,-24.21925,4,0
CH4,3AD_111,5,top,1,3.5,0,2.55,3.9468,-1.63,1.74,-0.330293,-24.387902,4,0
CH4,4AD_100,6,top,1,4.42,0,2.55,3.9468,-2.02,1.96,-0.187713,-24.245322,4,0
CH3,111,9,top,1,7.5,1,2.55,4.1985,-2.08,2.09,-2.24297,-20.460545,3,0
CH3,100,8,top,1,6.67,1,2.55,4.1985,-2,1.96,-2.334887,-20.552462,3,0
CH3,110,7,top,1,5.83,1,2.55,4.1985,-1.94,1.87,-2.392736,-20.610311,3,0
CH3,211,7,top,1,5.5,1,2.55,4.1985,-2.09,1.99,-2.305122,-20.522697,3,0
CH3,221,7,top,1,5.5,1,2.55,4.1985,-2.09,1.99,-2.28812,-20.505695,3,0
CH3,322,7,top,1,5.5,1,2.55,4.1985,-2.02,1.95,-2.300841,-20.518416,3,0
CH3,1AD_111,3,top,1,2.5,1,2.55,4.1985,-1.59,1.6,-2.224483,-20.442058,3,0
CH3,1AD_100,4,top,1,3,1,2.55,4.1985,-1.85,1.69,-2.336209,-20.553784,3,0
CH3,2AD_111,4,top,1,2.92,1,2.55,4.1985,-1.75,1.73,-2.409126,-20.626701,3,0
CH3,2AD_100,5,top,1,3.58,1,2.55,4.1985,-1.99,1.83,-2.352042,-20.569617,3,0
CH3,3AD_111,5,top,1,3.5,1,2.55,4.1985,-1.63,1.74,-2.620518,-20.838093,3,0
CH3,4AD_100,6,top,1,4.42,1,2.55,4.1985,-2.02,1.96,-2.322212,-20.539787,3,0
CH2,111,9,bridge,2,7.33,2,2.55,4.2835,-2.08,2.09,-4.170688,-16.299399,2,0
CH2,100,8,bridge,2,6.67,2,2.55,4.2835,-2,1.96,-4.662551,-16.791262,2,0
CH2,110,7,bridge,2,5.78,2,2.55,4.2835,-1.94,1.87,-4.667886,-16.796597,2,0
CH2,211,7,bridge,2,5.39,2,2.55,4.2835,-2.09,1.99,-4.578436,-16.707147,2,0
CH2,221,7,bridge,2,5.44,2,2.55,4.2835,-2.09,1.99,-4.4544,-16.583111,2,0
CH2,322,7,bridge,2,5.39,2,2.55,4.2835,-2.02,1.95,-4.683179,-16.81189,2,0
CH2,2AD_111,4,bridge,2,2.83,2,2.55,4.2835,-1.75,1.73,-4.586207,-16.714918,2,0
CH2,2AD_100,5,bridge,2,3.11,2,2.55,4.2835,-1.99,1.83,-4.437673,-16.566384,2,0
CH2,3AD_111,5,bridge,2,3.17,2,2.55,4.2835,-1.63,1.74,-4.512873,-16.641584,2,0
CH2,4AD_100,6,bridge,2,4,2,2.55,4.2835,-2.02,1.96,-4.310429,-16.43914,2,0
CH,111,9,three-fold hollow,3,7.5,3,2.55,3.9801,-2.08,2.09,-6.486005,-12.712427,1,0
CH,111,9,three-fold hollow,3,6.95,3,2.55,3.9801,-2.08,2.09,-6.594003,-12.820425,1,0
CH,100,8,top,1,6.67,3,2.55,3.9801,-2,1.96,-4.45192,-10.678342,1,0
CH,100,8,bridge,2,6.67,3,2.55,3.9801,-2,1.96,-6.388208,-12.61463,1,0
CH,100,8,four-fold hollow,4,6.62,3,2.55,3.9801,-2,1.96,-6.765232,-12.991654,1,0
CH,110,7,bridge,2,5.78,3,2.55,3.9801,-1.94,1.87,-6.287874,-12.514296,1,0
CH,110,7,bridge,2,6.56,3,2.55,3.9801,-1.94,1.87,-6.243792,-12.470214,1,0
CH,110,7,three-fold hollow,3,6.41,3,2.55,3.9801,-1.94,1.87,-6.442318,-12.66874,1,0
CH,110,7,top,1,5.83,3,2.55,3.9801,-1.94,1.87,-4.563689,-10.790111,1,0
CH,211,7,three-fold hollow,3,6,3,2.55,3.9801,-2.09,1.99,-6.56812,-12.794542,1,0
CH,211,7,bridge,2,5.39,3,2.55,3.9801,-2.09,1.99,-6.193837,-12.420259,1,0
CH,211,7,three-fold hollow,3,6,3,2.55,3.9801,-2.09,1.99,-6.432977,-12.659399,1,0
CH,221,7,three-fold hollow,3,5.41,3,2.55,3.9801,-2.09,1.99,-6.563555,-12.789977,1,0
CH,221,7,bridge,2,5.44,3,2.55,3.9801,-2.09,1.99,-6.062247,-12.288669,1,0
CH,221,7,three-fold hollow,3,6.41,3,2.55,3.9801,-2.09,1.99,-6.464897,-12.691319,1,0
CH,221,7,top,1,5.5,3,2.55,3.9801,-2.09,1.99,-4.537751,-10.764173,1,0
CH,322,7,three-fold hollow,3,7.09,3,2.55,3.9801,-2.02,1.95,-6.617787,-12.844209,1,0
CH,322,7,bridge,2,5.39,3,2.55,3.9801,-2.02,1.95,-6.289732,-12.516154,1,0
CH,322,7,three-fold hollow,3,7.59,3,2.55,3.9801,-2.02,1.95,-6.486038,-12.71246,1,0
CH,322,7,three-fold hollow,3,6.77,3,2.55,3.9801,-2.02,1.95,-6.5812,-12.807622,1,0
CH,322,7,top,1,5.5,3,2.55,3.9801,-2.02,1.95,-4.589485,-10.815907,1,0
CH,1AD_111,3,top,1,2.5,3,2.55,3.9801,-1.59,1.6,-4.887725,-11.114147,1,0
CH,1AD_100,4,top,1,3,3,2.55,3.9801,-1.85,1.69,-4.833375,-11.059797,1,0
CH,2AD_111,4,top,1,2.92,3,2.55,3.9801,-1.75,1.73,-5.101943,-11.328365,1,0
CH,2AD_111,4,bridge,2,2.83,3,2.55,3.9801,-1.75,1.73,-6.02598,-12.252402,1,0
CH,2AD_100,5,top,1,3.58,3,2.55,3.9801,-1.99,1.83,-4.866115,-11.092537,1,0
CH,2AD_100,5,bridge,2,3.11,3,2.55,3.9801,-1.99,1.83,-6.028004,-12.254426,1,0
CH,3AD_111,5,three-fold hollow,3,3.27,3,2.55,3.9801,-1.63,1.74,-6.840708,-13.06713,1,0
CH,3AD_111,5,top,1,3.5,3,2.55,3.9801,-1.63,1.74,-5.297072,-11.523494,1,0
CH,4AD_100,6,four-fold hollow,4,3.39,3,2.55,3.9801,-2.02,1.96,-6.389071,-12.615493,1,0
CH,4AD_100,6,top,1,4.42,3,2.55,3.9801,-2.02,1.96,-4.670748,-10.89717,1,0
CH,4AD_100,6,bridge,2,4,3,2.55,3.9801,-2.02,1.96,-5.945088,-12.17151,1,0
C,111,9,three-fold hollow,3,6.95,4,2.55,4,-2.08,2.09,-6.934541,-8.209059,0,0
C,111,9,three-fold hollow,3,7.5,4,2.55,4,-2.08,2.09,-6.775629,-8.050147,0,0
C,111,9,top,1,7.5,4,2.55,4,-2.08,2.09,-5.028813,-6.303331,0,0
C,100,8,four-fold hollow,4,6.62,4,2.55,4,-2,1.96,-7.628192,-8.90271,0,0
C,100,8,bridge,2,6.67,4,2.55,4,-2,1.96,-6.804781,-8.079299,0,0
C,100,8,top,1,6.67,4,2.55,4,-2,1.96,-5.314189,-6.588707,0,0
C,110,7,bridge,2,5.78,4,2.55,4,-1.94,1.87,-6.79292,-8.067438,0,0
C,110,7,top,1,5.83,4,2.55,4,-1.94,1.87,-5.557589,-6.832107,0,0
C,110,7,bridge,2,6.56,4,2.55,4,-1.94,1.87,-7.308014,-8.582532,0,0
C,110,7,three-fold hollow,3,6.41,4,2.55,4,-1.94,1.87,-7.362784,-8.637302,0,0
C,211,7,three-fold hollow,3,6,4,2.55,4,-2.09,1.99,-7.014617,-8.289135,0,0
C,211,7,top,1,5.5,4,2.55,4,-2.09,1.99,-5.348517,-6.623035,0,0
C,211,7,three-fold hollow,3,6,4,2.55,4,-2.09,1.99,-7.129204,-8.403722,0,0
C,211,7,bridge,2,5.39,4,2.55,4,-2.09,1.99,-6.628222,-7.90274,0,0
C,221,7,bridge,2,5.44,4,2.55,4,-2.09,1.99,-6.617071,-7.891589,0,0
C,221,7,three-fold hollow,3,6.41,4,2.55,4,-2.09,1.99,-7.070804,-8.345322,0,0
C,221,7,top,1,5.5,4,2.55,4,-2.09,1.99,-5.378548,-6.653066,0,0
C,322,7,bridge,2,5.39,4,2.55,4,-2.02,1.95,-6.757636,-8.032154,0,0
C,322,7,three-fold hollow,3,7.59,4,2.55,4,-2.02,1.95,-6.75961,-8.034128,0,0
C,322,7,three-fold hollow,3,6.77,4,2.55,4,-2.02,1.95,-6.944181,-8.218699,0,0
C,322,7,top,1,5.5,4,2.55,4,-2.02,1.95,-5.398653,-6.673171,0,0
C,1AD_100,4,top,1,3,4,2.55,4,-1.85,1.69,-5.630003,-6.904521,0,0
C,1AD_111,3,top,1,2.5,4,2.55,4,-1.59,1.6,-5.358709,-6.633227,0,0
C,2AD_100,5,top,1,3.58,4,2.55,4,-1.99,1.83,-5.595212,-6.86973,0,0
C,2AD_100,5,bridge,2,3.11,4,2.55,4,-1.99,1.83,-6.670374,-7.944892,0,0
C,2AD_111,4,top,1,2.92,4,2.55,4,-1.75,1.73,-5.658007,-6.932525,0,0
C,3AD_111,5,three-fold hollow,3,3.27,4,2.55,4,-1.63,1.74,-8.220223,-9.494741,0,0
C,3AD_111,5,top,1,3.5,4,2.55,4,-1.63,1.74,-5.935578,-7.210096,0,0
C,4AD_100,6,top,1,4.42,4,2.55,4,-2.02,1.96,-5.509799,-6.784317,0,0
C,4AD_100,6,bridge,2,4,4,2.55,4,-2.02,1.96,-6.735675,-8.010193,0,0
C,4AD_100,6,four-fold hollow,4,3.39,4,2.55,4,-2.02,1.96,-6.822087,-8.096605,0,0
CO,111,9,top,1,7.5,2,2.55,2.9918,-2.08,2.09,-1.760244,-16.213925,0,0
CO,111,9,bridge,2,7.33,2,2.55,2.9918,-2.08,2.09,-1.830938,-16.284619,0,0
CO,111,9,three-fold hollow,3,6.95,2,2.55,2.9918,-2.08,2.09,-1.845575,-16.299256,0,0
CO,100,8,top,1,6.67,2,2.55,2.9918,-2,1.96,-2.101961,-16.555642,0,0
CO,100,8,bridge ,2,6.67,2,2.55,2.9918,-2,1.96,-2.292187,-16.745868,0,0
CO,110,7,top,1,5.83,2,2.55,2.9918,-1.94,1.87,-2.081804,-16.535485,0,0
CO,110,7,bridge,2,5.78,2,2.55,2.9918,-1.94,1.87,-2.236544,-16.690225,0,0
CO,211,7,top,1,5.5,2,2.55,2.9918,-2.09,1.99,-2.056926,-16.510607,0,0
CO,211,7,bridge,2,5.39,2,2.55,2.9918,-2.09,1.99,-2.121593,-16.575274,0,0
CO,221,7,top,1,5.5,2,2.55,2.9918,-2.09,1.99,-2.115336,-16.569017,0,0
CO,221,7,bridge,2,5.44,2,2.55,2.9918,-2.09,1.99,-2.022097,-16.475778,0,0
CO,322,7,top,1,5.5,2,2.55,2.9918,-2.02,1.95,-2.141981,-16.595662,0,0
CO,322,7,bridge,2,5.39,2,2.55,2.9918,-2.02,1.95,-2.234339,-16.68802,0,0
CO,1AD_111,3,top,1,2.5,2,2.55,2.9918,-1.59,1.6,-1.991475,-16.445156,0,0
CO,1AD_100,4,top,1,3,2,2.55,2.9918,-1.85,1.69,-1.963632,-16.417313,0,0
CO,2AD_111,4,top,1,2.92,2,2.55,2.9918,-1.75,1.73,-2.391181,-16.844862,0,0
CO,2AD_111,4,bridge,2,2.83,2,2.55,2.9918,-1.75,1.73,-2.240212,-16.693893,0,0
CO,2AD_100,5,top,1,3.58,2,2.55,2.9918,-1.99,1.83,-2.135737,-16.589418,0,0
CO,2AD_100,5,bridge,2,3.11,2,2.55,2.9918,-1.99,1.83,-2.097213,-16.550894,0,0
CO,3AD_111,5,top,1,3.5,2,2.55,2.9918,-1.63,1.74,-2.53104,-16.984721,0,0
CO,3AD_111,5,bridge,2,3.17,2,2.55,2.9918,-1.63,1.74,-2.222826,-16.676507,0,0
CO,3AD_111,5,three-fold hollow,3,3.27,2,2.55,2.9918,-1.63,1.74,-2.097777,-16.551458,0,0
CO,4AD_100,6,top,1,4.42,2,2.55,2.9918,-2.02,1.96,-2.149453,-16.603134,0,0
CO,4AD_100,6,bridge,2,4,2,2.55,2.9918,-2.02,1.96,-1.994911,-16.448592,0,0
CO,4AD_100,6,four-fold hollow,4,3.39,2,2.55,2.9918,-2.02,1.96,-1.460728,-15.914409,0,0
COH,111,9,three-fold hollow,3,6.95,3,2.55,3.4389,-2.08,2.09,-4.703169,-19.652849,0,1
COH,100,8,bridge,2,6.67,3,2.55,3.4389,-2,1.96,-4.930914,-19.880594,0,1
COH,100,8,four-fold hollow,4,6.62,3,2.55,3.4389,-2,1.96,-4.726639,-19.676319,0,1
COH,110,7,bridge,2,5.78,3,2.55,3.4389,-1.94,1.87,-4.730332,-19.680012,0,1
COH,211,7,top,1,5.5,3,2.55,3.4389,-2.09,1.99,-3.159416,-18.109096,0,1
COH,211,7,bridge,2,5.39,3,2.55,3.4389,-2.09,1.99,-4.673245,-19.622925,0,1
COH,221,7,top,1,5.5,3,2.55,3.4389,-2.09,1.99,-3.278902,-18.228582,0,1
COH,221,7,bridge,2,5.44,3,2.55,3.4389,-2.09,1.99,-4.513376,-19.463056,0,1
COH,322,7,top,1,5.5,3,2.55,3.4389,-2.02,1.95,-3.322802,-18.272482,0,1
COH,322,7,bridge,2,5.39,3,2.55,3.4389,-2.02,1.95,-4.797391,-19.747071,0,1
COH,1AD_111,3,top,1,2.5,3,2.55,3.4389,-1.59,1.6,-3.626521,-18.576201,0,1
COH,1AD_100,4,top,1,3,3,2.55,3.4389,-1.85,1.69,-3.391203,-18.340883,0,1
COH,2AD_100,5,top,1,3.58,3,2.55,3.4389,-1.99,1.83,-3.517821,-18.467501,0,1
COH,2AD_100,5,bridge,2,3.11,3,2.55,3.4389,-1.99,1.83,-4.430257,-19.379937,0,1
COH,2AD_111,4,top,1,2.92,3,2.55,3.4389,-1.75,1.73,-3.827406,-18.777086,0,1
COH,2AD_111,4,bridge,2,2.83,3,2.55,3.4389,-1.75,1.73,-4.605185,-19.554865,0,1
COH,3AD_111,5,three-fold hollow,3,3.27,3,2.55,3.4389,-1.63,1.74,-4.895756,-19.845436,0,1
COH,4AD_100,6,top,1,4.42,3,2.55,3.4389,-2.02,1.96,-3.397731,-18.347411,0,1
COH,4AD_100,6,bridge,2,4,3,2.55,3.4389,-2.02,1.96,-4.390814,-19.340494,0,1
COH,4AD_100,6,four-fold hollow,4,3.39,3,2.55,3.4389,-2.02,1.96,-4.333668,-19.283348,0,1
CHO,111,9,top,1,7.5,1,2.55,3.1606,-2.08,2.09,-2.637234,-19.417827,1,0
CHO,100,8,top,1,6.67,1,2.55,3.1606,-2,1.96,-2.762048,-19.542641,1,0
CHO,100,8,bridge,2,6.67,1,2.55,3.1606,-2,1.96,-2.64784,-19.428433,1,0
CHO,110,7,top,1,5.83,1,2.55,3.1606,-1.94,1.87,-2.859443,-19.640036,1,0
CHO,211,7,top,1,5.5,1,2.55,3.1606,-2.09,1.99,-2.719883,-19.500476,1,0
CHO,211,7,bridge,2,5.39,1,2.55,3.1606,-2.09,1.99,-2.592476,-19.373069,1,0
CHO,221,7,top,1,5.5,1,2.55,3.1606,-2.09,1.99,-2.685714,-19.466307,1,0
CHO,221,7,bridge,2,5.44,1,2.55,3.1606,-2.09,1.99,-2.528887,-19.30948,1,0
CHO,322,7,top,1,5.5,1,2.55,3.1606,-2.02,1.95,-2.72563,-19.506223,1,0
CHO,322,7,bridge,2,5.39,1,2.55,3.1606,-2.02,1.95,-2.613665,-19.394258,1,0
CHO,1AD_100,4,top,1,3,1,2.55,3.1606,-1.85,1.69,-2.591368,-19.371961,1,0
CHO,1AD_111,3,top,1,2.5,1,2.55,3.1606,-1.59,1.6,-2.634499,-19.415092,1,0
CHO,2AD_100,5,top,1,3.58,1,2.55,3.1606,-1.99,1.83,-2.603494,-19.384087,1,0
CHO,2AD_100,5,bridge,2,3.11,1,2.55,3.1606,-1.99,1.83,-2.5863,-19.366893,1,0
CHO,2AD_111,4,bridge,2,2.83,1,2.55,3.1606,-1.75,1.73,-2.7017,-19.482293,1,0
CHO,3AD_111,5,top,1,3.5,1,2.55,3.1606,-1.63,1.74,-2.977021,-19.757614,1,0
CHO,3AD_111,5,bridge,2,3.17,1,2.55,3.1606,-1.63,1.74,-2.555639,-19.336232,1,0
CHO,4AD_100,6,top,1,4.42,1,2.55,3.1606,-2.02,1.96,-2.702038,-19.482631,1,0
COOH,111,9,top,1,7.5,1,2.55,2.4709,-2.08,2.09,-2.635298,-26.407807,0,1
COOH,100,8,top,1,6.67,1,2.55,2.4709,-2,1.96,-2.761332,-26.533841,0,1
COOH,110,7,top,1,5.83,1,2.55,2.4709,-1.94,1.87,-2.84136,-26.613869,0,1
COOH,110,7,bridge,2,5.78,1,2.55,2.4709,-1.94,1.87,-2.568483,-26.340992,0,1
COOH,211,7,top,1,5.5,1,2.55,2.4709,-2.09,1.99,-2.705703,-26.478212,0,1
COOH,221,7,top,1,5.5,1,2.55,2.4709,-2.09,1.99,-2.72061,-26.493119,0,1
COOH,322,7,top,1,5.5,1,2.55,2.4709,-2.02,1.95,-2.7032,-26.475709,0,1
COOH,1AD_111,3,top,1,2.5,1,2.55,2.4709,-1.59,1.6,-2.752722,-26.525231,0,1
COOH,1AD_100,4,top,1,3,1,2.55,2.4709,-1.85,1.69,-2.526069,-26.298578,0,1
COOH,2AD_100,5,top,1,3.58,1,2.55,2.4709,-1.99,1.83,-2.671716,-26.444225,0,1
COOH,2AD_100,5,bridge,2,3.11,1,2.55,2.4709,-1.99,1.83,-2.560672,-26.333181,0,1
COOH,2AD_111,4,top,1,2.92,1,2.55,2.4709,-1.75,1.73,-2.799082,-26.571591,0,1
COOH,2AD_111,4,bridge,2,2.83,1,2.55,2.4709,-1.75,1.73,-2.54279,-26.315299,0,1
COOH,3AD_111,5,top,1,3.5,1,2.55,2.4709,-1.63,1.74,-2.858218,-26.630727,0,1
COOH,3AD_111,5,bridge,2,3.17,1,2.55,2.4709,-1.63,1.74,-2.519106,-26.291615,0,1
COOH,4AD_100,6,top,1,4.42,1,2.55,2.4709,-2.02,1.96,-2.730341,-26.50285,0,1
COOH,4AD_100,6,bridge,2,4,1,2.55,2.4709,-2.02,1.96,-2.389471,-26.16198,0,1
CO2,111,9,top,1,7.5,0,2.55,2.0696,-2.08,2.09,-0.253019,-22.587905,0,0
CO2,100,8,top,1,6.67,0,2.55,2.0696,-2,1.96,-0.277038,-22.611924,0,0
CO2,110,7,top,1,5.83,0,2.55,2.0696,-1.94,1.87,-0.220719,-22.555605,0,0
CO2,211,7,top,1,5.5,0,2.55,2.0696,-2.09,1.99,-0.172185,-22.507071,0,0
CO2,221,7,top,1,5.5,0,2.55,2.0696,-2.09,1.99,-0.267243,-22.602129,0,0
CO2,322,7,top,1,5.5,0,2.55,2.0696,-2.02,1.95,-0.204304,-22.53919,0,0
CO2,1AD_111,3,top,1,2.5,0,2.55,2.0696,-1.59,1.6,-0.111448,-22.446334,0,0
CO2,1AD_100,4,top,1,3,0,2.55,2.0696,-1.85,1.69,-0.123021,-22.457907,0,0
CO2,2AD_111,4,top,1,2.92,0,2.55,2.0696,-1.75,1.73,-0.217171,-22.552057,0,0
CO2,2AD_100,5,top,1,3.58,0,2.55,2.0696,-1.99,1.83,-0.190829,-22.525715,0,0
CO2,3AD_111,5,top,1,3.5,0,2.55,2.0696,-1.63,1.74,-0.22055,-22.555436,0,0
CO2,4AD_100,6,top,1,4.42,0,2.55,2.0696,-2.02,1.96,-0.234017,-22.568903,0,0
CHOO,111,9,top,1,7.5,1,3.44,2.4664,-2.08,2.09,-2.437544,-25.962792,1,0
CHOO,100,8,top,1,6.67,1,3.44,2.4664,-2,1.96,-2.784087,-26.309335,1,0
CHOO,110,7,top,1,5.83,1,3.44,2.4664,-1.94,1.87,-3.004576,-26.529824,1,0
CHOO,211,7,top,1,5.5,1,3.44,2.4664,-2.09,1.99,-3.008512,-26.53376,1,0
CHOO,221,7,top,1,5.5,1,3.44,2.4664,-2.09,1.99,-3.193006,-26.718254,1,0
CHOO,322,7,top,1,5.5,1,3.44,2.4664,-2.02,1.95,-3.040183,-26.565431,1,0
CHOO,2AD_100,5,top,1,3.58,1,3.44,2.4664,-1.99,1.83,-3.078561,-26.603809,1,0
CHOO,2AD_111,4,top,1,2.92,1,3.44,2.4664,-1.75,1.73,-3.402674,-26.927922,1,0
CHOO,3AD_111,5,top,1,3.5,1,3.44,2.4664,-1.63,1.74,-3.400209,-26.925457,1,0
CHOO,4AD_100,6,top,1,4.42,1,3.44,2.4664,-2.02,1.96,-2.982175,-26.507423,1,0
O2,111,9,top,1,7.5,0,3.44,6.1523,-2.08,2.09,-0.456359,-10.040612,0,0
O2,110,7,top,1,5.83,0,3.44,6.1523,-1.94,1.87,-1.35739,-10.941643,0,0
O2,211,7,top,1,5.5,0,3.44,6.1523,-2.09,1.99,-1.263039,-10.847292,0,0
O2,221,7,top,1,5.5,0,3.44,6.1523,-2.09,1.99,-1.352214,-10.936467,0,0
O2,322,7,top,1,5.5,0,3.44,6.1523,-2.02,1.95,-1.343302,-10.927555,0,0
O2,2AD_111,4,top,1,2.92,0,3.44,6.1523,-1.75,1.73,-1.857908,-11.442161,0,0
O2,3AD_111,5,top,1,3.5,0,3.44,6.1523,-1.63,1.74,-1.739305,-11.323558,0,0
O2,4AD_100,6,top,1,4.42,0,3.44,6.1523,-2.02,1.96,-1.337195,-10.921448,0,0
H2O,111,9,top,1,7.5,0,3.44,7.2306,-2.08,2.09,-0.390334,-14.549311,2,0
H2O,100,8,top,1,6.67,0,3.44,7.2306,-2,1.96,-0.449154,-14.608131,2,0
H2O,110,7,top,1,5.83,0,3.44,7.2306,-1.94,1.87,-0.640036,-14.799013,2,0
H2O,211,7,top,1,5.5,0,3.44,7.2306,-2.09,1.99,-0.523673,-14.68265,2,0
H2O,221,7,top,1,5.5,0,3.44,7.2306,-2.09,1.99,-0.532614,-14.691591,2,0
H2O,322,7,top,1,5.5,0,3.44,7.2306,-2.02,1.95,-0.51751,-14.676487,2,0
H2O,1AD_111,3,top,1,2.5,0,3.44,7.2306,-1.59,1.6,-0.83032,-14.989297,2,0
H2O,1AD_100,4,top,1,3,0,3.44,7.2306,-1.85,1.69,-0.703115,-14.862092,2,0
H2O,2AD_111,4,top,1,2.92,0,3.44,7.2306,-1.75,1.73,-0.857519,-15.016496,2,0
H2O,2AD_100,5,top,1,3.58,0,3.44,7.2306,-1.99,1.83,-0.670416,-14.829393,2,0
H2O,3AD_111,5,top,1,3.5,0,3.44,7.2306,-1.63,1.74,-0.875463,-15.03444,2,0
H2O,4AD_100,6,top,1,4.42,0,3.44,7.2306,-2.02,1.96,-0.627916,-14.786893,2,0
OH,111,9,top,1,7.5,1,3.44,6.573,-2.08,2.09,-2.145262,-9.875931,1,0
OH,111,9,bridge,2,7.33,1,3.44,6.573,-2.08,2.09,-2.104622,-9.835291,1,0
OH,100,8,top,1,6.67,1,3.44,6.573,-2,1.96,-2.361574,-10.092243,1,0
OH,100,8,bridge,2,6.67,1,3.44,6.573,-2,1.96,-2.824121,-10.55479,1,0
OH,110,7,top,1,5.83,1,3.44,6.573,-1.94,1.87,-2.583677,-10.314346,1,0
OH,110,7,bridge,2,5.78,1,3.44,6.573,-1.94,1.87,-2.735594,-10.466263,1,0
OH,211,7,top,1,5.5,1,3.44,6.573,-2.09,1.99,-2.481408,-10.212077,1,0
OH,211,7,bridge,2,5.39,1,3.44,6.573,-2.09,1.99,-2.891364,-10.622033,1,0
OH,221,7,top,1,5.5,1,3.44,6.573,-2.09,1.99,-2.599974,-10.330643,1,0
OH,221,7,bridge,2,5.44,1,3.44,6.573,-2.09,1.99,-2.68252,-10.413189,1,0
OH,322,7,top,1,5.5,1,3.44,6.573,-2.02,1.95,-2.512938,-10.243607,1,0
OH,322,7,bridge,2,5.39,1,3.44,6.573,-2.02,1.95,-2.924647,-10.655316,1,0
OH,1AD_100,4,top,1,3,1,3.44,6.573,-1.85,1.69,-2.938949,-10.669618,1,0
OH,1AD_111,3,top,1,2.5,1,3.44,6.573,-1.59,1.6,-3.008251,-10.73892,1,0
OH,2AD_100,5,top,1,3.58,1,3.44,6.573,-1.99,1.83,-2.813464,-10.544133,1,0
OH,2AD_100,5,bridge,2,3.11,1,3.44,6.573,-1.99,1.83,-2.919547,-10.650216,1,0
OH,2AD_111,4,top,1,2.92,1,3.44,6.573,-1.75,1.73,-3.023995,-10.754664,1,0
OH,2AD_111,4,bridge,2,2.83,1,3.44,6.573,-1.75,1.73,-3.175744,-10.906413,1,0
OH,3AD_111,5,top,1,3.5,1,3.44,6.573,-1.63,1.74,-3.09286,-10.823529,1,0
OH,3AD_111,5,bridge,2,3.17,1,3.44,6.573,-1.63,1.74,-3.099913,-10.830582,1,0
OH,4AD_100,6,top,1,4.42,1,3.44,6.573,-2.02,1.96,-2.690351,-10.42102,1,0
OH,4AD_100,6,bridge,2,4,1,3.44,6.573,-2.02,1.96,-2.894051,-10.62472,1,0
O,111,9,three-fold hollow,3,6.95,2,3.44,6,-2.08,2.09,-4.166493,-5.741805,0,0
O,111,9,three-fold hollow,3,7.5,2,3.44,6,-2.08,2.09,-4.169079,-5.744391,0,0
O,100,8,top,1,6.67,2,3.44,6,-2,1.96,-3.41023799,-4.98554999,0,0
O,100,8,bridge,2,6.67,2,3.44,6,-2,1.96,-4.449018,-6.02433,0,0
O,100,8,four-fold hollow,4,6.62,2,3.44,6,-2,1.96,-4.18783752,-5.76314952,0,0
O,110,7,top,1,5.83,2,3.44,6,-1.94,1.87,-3.77843235,-5.35374435,0,0
O,110,7,bridge,2,5.78,2,3.44,6,-1.94,1.87,-4.54898,-6.124292,0,0
O,110,7,three-fold hollow,3,6.41,2,3.44,6,-1.94,1.87,-4.177808,-5.75312,0,0
O,211,7,top,1,5.5,2,3.44,6,-2.09,1.99,-3.655935,-5.231247,0,0
O,211,7,bridge,2,5.39,2,3.44,6,-2.09,1.99,-4.61767,-6.192982,0,0
O,221,7,top,1,5.5,2,3.44,6,-2.09,1.99,-3.752118,-5.32743,0,0
O,221,7,bridge,2,5.44,2,3.44,6,-2.09,1.99,-4.435709,-6.011021,0,0
O,221,7,three-fold hollow,3,6.41,2,3.44,6,-2.09,1.99,-4.029847,-5.605159,0,0
O,322,7,top,1,5.5,2,3.44,6,-2.02,1.95,-3.682713,-5.258025,0,0
O,322,7,bridge,2,5.39,2,3.44,6,-2.02,1.95,-4.681076,-6.256388,0,0
O,322,7,three-fold hollow,3,6.77,2,3.44,6,-2.02,1.95,-4.229399,-5.804711,0,0
O,322,7,three-fold hollow,3,7.59,2,3.44,6,-2.02,1.95,-3.665717,-5.241029,0,0
O,322,7,three-fold hollow,3,6.77,2,3.44,6,-2.02,1.95,-3.830506,-5.405818,0,0
O,1AD_100,4,top,1,3,2,3.44,6,-1.85,1.69,-4.533341,-6.108653,0,0
O,1AD_111,3,top,1,2.5,2,3.44,6,-1.59,1.6,-4.492062,-6.067374,0,0
O,2AD_100,5,top,1,3.58,2,3.44,6,-1.99,1.83,-4.301586,-5.876898,0,0
O,2AD_100,5,bridge,2,3.11,2,3.44,6,-1.99,1.83,-4.806917,-6.382229,0,0
O,2AD_111,4,top,1,2.92,2,3.44,6,-1.75,1.73,-4.470545,-6.045857,0,0
O,2AD_111,4,bridge,2,2.83,2,3.44,6,-1.75,1.73,-4.82809,-6.403402,0,0
O,3AD_111,5,top,1,3.5,2,3.44,6,-1.63,1.74,-4.530675,-6.105987,0,0
O,3AD_111,5,bridge,2,3.17,2,3.44,6,-1.63,1.74,-4.728241,-6.303553,0,0
O,3AD_111,5,three-fold hollow,3,3.27,2,3.44,6,-1.63,1.74,-4.812312,-6.387624,0,0
O,4AD_100,6,top,1,4.42,2,3.44,6,-2.02,1.96,-3.943006,-5.518318,0,0
O,4AD_100,6,bridge,2,4,2,3.44,6,-2.02,1.96,-4.628504,-6.203816,0,0
H,111,9,top,1,7.5,1,2.2,1,-2.08,2.09,-2.726371,-3.931347,0,0
H,111,9,bridge,2,7.33,1,2.2,1,-2.08,2.09,-2.676549,-3.881525,0,0
H,111,9,three-fold hollow,3,6.95,1,2.2,1,-2.08,2.09,-2.706973,-3.911949,0,0
H,111,9,three-fold hollow,3,7.5,1,2.2,1,-2.08,2.09,-2.658559,-3.863535,0,0
H,100,8,top,1,6.67,1,2.2,1,-2,1.96,-2.777685,-3.982661,0,0
H,100,8,bridge,2,6.67,1,2.2,1,-2,1.96,-2.910072,-4.115048,0,0
H,110,7,top,1,5.83,1,2.2,1,-1.94,1.87,-2.808044,-4.01302,0,0
H,110,7,bridge,2,5.78,1,2.2,1,-1.94,1.87,-2.862221,-4.067197,0,0
H,110,7,bridge,2,6.56,1,2.2,1,-1.94,1.87,-2.58537583,-3.79035183,0,0
H,211,7,top,1,5.5,1,2.2,1,-2.09,1.99,-2.764332,-3.969308,0,0
H,211,7,bridge,2,5.39,1,2.2,1,-2.09,1.99,-2.87252,-4.077496,0,0
H,221,7,top,1,5.5,1,2.2,1,-2.09,1.99,-2.752756,-3.957732,0,0
H,221,7,bridge,2,5.44,1,2.2,1,-2.09,1.99,-2.743724,-3.9487,0,0
H,322,7,top,1,5.5,1,2.2,1,-2.02,1.95,-2.733469,-3.938445,0,0
H,322,7,bridge,2,5.39,1,2.2,1,-2.02,1.95,-2.925758,-4.130734,0,0
H,1AD_111,3,top,1,2.5,1,2.2,1,-1.59,1.6,-2.447548,-3.652524,0,0
H,1AD_100,4,top,1,3,1,2.2,1,-1.85,1.69,-2.54818,-3.753156,0,0
H,2AD_111,4,top,1,2.92,1,2.2,1,-1.75,1.73,-2.73208,-3.937056,0,0
H,2AD_111,4,bridge,2,2.83,1,2.2,1,-1.75,1.73,-2.858844,-4.06382,0,0
H,2AD_100,5,bridge,2,3.11,1,2.2,1,-1.99,1.83,-2.905173,-4.110149,0,0
H,3AD_111,5,top,1,3.5,1,2.2,1,-1.63,1.74,-2.809034,-4.01401,0,0
H,3AD_111,5,bridge,2,3.17,1,2.2,1,-1.63,1.74,-2.842866,-4.047842,0,0
H,3AD_111,5,three-fold hollow,3,3.27,1,2.2,1,-1.63,1.74,-2.678851,-3.883827,0,0
H,4AD_100,6,top,1,4.42,1,2.2,1,-2.02,1.96,-2.694855,-3.899831,0,0
H,4AD_100,6,bridge,2,4,1,2.2,1,-2.02,1.96,-2.837537,-4.042513,0,0
